<Ui xmlns="http://www.blizzard.com/wow/ui/" xmlns:xsi="http://www.w3.org/2001/XMLSchema-instance" xsi:schemaLocation="http://www.blizzard.com/wow/ui/
..\..\FrameXML\UI.xsd">
	<Script file="ClassTrainerPlus.lua"/>
	<Button name="ClassTrainerPlusSkillButtonTemplate" registerForClicks="LeftButtonUp, RightButtonUp" inherits="ClassTrainerSkillButtonTemplate" virtual="true">
		<Scripts>
			<OnClick>
				ClassTrainerPlusSkillButton_OnClick(self, button);
			</OnClick>
		</Scripts>
	</Button>
	<Font name="ClassTrainerPlusIgnoredFont" inherits="GameFontNormalLeft" virtual="true">
		<Color r="1.0" g="1.0" b="0.6"/>
	</Font>
	<Frame name="ClassTrainerPlusFrame" toplevel="true" movable="true" parent="UIParent" enableMouse="true" hidden="true">
		<Size>
			<AbsDimension x="384" y="512"/>
		</Size>
		<Anchors>
			<Anchor point="TOPLEFT">
				<Offset>
					<AbsDimension x="0" y="-104"/>
				</Offset>
			</Anchor>
		</Anchors>
		<HitRectInsets>
			<AbsInset left="0" right="34" top="0" bottom="75"/>
		</HitRectInsets>
		<Layers>
			<Layer level="BACKGROUND">
				<Texture name="ClassTrainerPlusFramePortrait">
					<Size>
						<AbsDimension x="60" y="60"/>
					</Size>
					<Anchors>
						<Anchor point="TOPLEFT">
							<Offset>
								<AbsDimension x="7" y="-6"/>
							</Offset>
						</Anchor>
					</Anchors>
				</Texture>
			</Layer>
			<Layer level="BORDER">
				<Texture file="Interface\ClassTrainerFrame\UI-ClassTrainer-TopLeft">
					<Size>
						<AbsDimension x="256" y="256"/>
					</Size>
					<Anchors>
						<Anchor point="TOPLEFT"/>
					</Anchors>
				</Texture>
				<Texture file="Interface\ClassTrainerFrame\UI-ClassTrainer-TopRight">
					<Size>
						<AbsDimension x="128" y="256"/>
					</Size>
					<Anchors>
						<Anchor point="TOPRIGHT"/>
					</Anchors>
				</Texture>
				<Texture name="ClassTrainerPlusFrameBottomLeft" file="Interface\ClassTrainerFrame\UI-ClassTrainer-BotLeft">
					<Size>
						<AbsDimension x="256" y="256"/>
					</Size>
					<Anchors>
						<Anchor point="BOTTOMLEFT"/>
					</Anchors>
				</Texture>
				<Texture name="ClassTrainerPlusFrameBottomRight" file="Interface\ClassTrainerFrame\UI-ClassTrainer-BotRight">
					<Size>
						<AbsDimension x="128" y="256"/>
					</Size>
					<Anchors>
						<Anchor point="BOTTOMRIGHT"/>
					</Anchors>
				</Texture>
				<FontString name="ClassTrainerPlusNameText" inherits="GameFontNormal">
					<Anchors>
						<Anchor point="TOP" relativeTo="ClassTrainerPlusFrame" relativePoint="TOP">
							<Offset>
								<AbsDimension x="0" y="-17"/>
							</Offset>
						</Anchor>
					</Anchors>
				</FontString>
				<FontString name="ClassTrainerPlusGreetingText" inherits="GameFontHighlight" justifyH="LEFT" justifyV="TOP">
					<Size>
						<AbsDimension x="260" y="30"/>
					</Size>
					<Anchors>
						<Anchor point="TOPLEFT">
							<Offset>
								<AbsDimension x="76" y="-38"/>
							</Offset>
						</Anchor>
					</Anchors>
				</FontString>
			</Layer>
			<Layer level="ARTWORK">
				<Texture name="ClassTrainerPlusHorizontalBarLeft" file="Interface\ClassTrainerFrame\UI-ClassTrainer-HorizontalBar">
					<Size>
						<AbsDimension x="256" y="16"/>
					</Size>
					<Anchors>
						<Anchor point="TOPLEFT">
							<Offset>
								<AbsDimension x="15" y="-275"/>
							</Offset>
						</Anchor>
					</Anchors>
					<TexCoords left="0" right="1.0" top="0" bottom="0.25"/>
				</Texture>
				<Texture file="Interface\ClassTrainerFrame\UI-ClassTrainer-HorizontalBar">
					<Size>
						<AbsDimension x="75" y="16"/>
					</Size>
					<Anchors>
						<Anchor point="LEFT" relativeTo="ClassTrainerPlusHorizontalBarLeft" relativePoint="RIGHT">
							<Offset>
								<AbsDimension x="0" y="0"/>
							</Offset>
						</Anchor>
					</Anchors>
					<TexCoords left="0" right="0.29296875" top="0.25" bottom="0.5"/>
				</Texture>
			</Layer>
		</Layers>
		<Frames>
			<Frame name="ClassTrainerPlusExpandButtonFrame">
				<Size>
					<AbsDimension x="54" y="32"/>
				</Size>
				<Anchors>
					<Anchor point="TOPLEFT">
						<Offset>
							<AbsDimension x="15" y="-70"/>
						</Offset>
					</Anchor>
				</Anchors>
				<Layers>
					<Layer level="BACKGROUND">
						<Texture name="ClassTrainerPlusExpandTabLeft" file="Interface\ClassTrainerFrame\UI-ClassTrainer-ExpandTab-Left">
							<Size>
								<AbsDimension x="8" y="32"/>
							</Size>
							<Anchors>
								<Anchor point="TOPLEFT"/>
							</Anchors>
						</Texture>
						<Texture name="ClassTrainerPlusExpandTabMiddle" file="Interface\QuestFrame\UI-QuestLogSortTab-Middle">
							<Size>
								<AbsDimension x="38" y="32"/>
							</Size>
							<Anchors>
								<Anchor point="LEFT" relativeTo="ClassTrainerPlusExpandTabLeft" relativePoint="RIGHT">
									<Offset>
										<AbsDimension x="0" y="6"/>
									</Offset>
								</Anchor>
							</Anchors>
						</Texture>
						<Texture file="Interface\QuestFrame\UI-QuestLogSortTab-Right">
							<Size>
								<AbsDimension x="8" y="32"/>
							</Size>
							<Anchors>
								<Anchor point="LEFT" relativeTo="ClassTrainerPlusExpandTabMiddle" relativePoint="RIGHT"/>
							</Anchors>
						</Texture>
					</Layer>
				</Layers>
				<Frames>
					<Button name="ClassTrainerPlusCollapseAllButton" hidden="false" inherits="ClassTrainerPlusSkillButtonTemplate" text="ALL">
						<Size>
							<AbsDimension x="40" y="22"/>
						</Size>
						<Anchors>
							<Anchor point="LEFT" relativeTo="ClassTrainerPlusExpandTabLeft" relativePoint="RIGHT">
								<Offset>
									<AbsDimension x="0" y="3"/>
								</Offset>
							</Anchor>
						</Anchors>
						<Scripts>
							<OnLoad>
								ClassTrainerPlusExpandTabMiddle:SetWidth(self:GetTextWidth() + 24);
							</OnLoad>
							<OnClick>
								ClassTrainerPlusCollapseAllButton_OnClick(self);
							</OnClick>
						</Scripts>
					</Button>
				</Frames>
			</Frame>
			<Frame name="ClassTrainerPlusFrameFilterDropDown" inherits="UIDropDownMenuTemplate" enableMouse="true">
				<Anchors>
					<Anchor point="TOPRIGHT">
						<Offset>
							<AbsDimension x="-26" y="-64"/>
						</Offset>
					</Anchor>
				</Anchors>
				<Scripts>
					<OnLoad function="ClassTrainerPlusFrameFilterDropDown_OnLoad"/>
					<OnShow function="ClassTrainerPlusFrameFilterDropDown_OnLoad"/>
				</Scripts>
			</Frame>
			<EditBox name="ClassTrainerPlusSearchBox" inherits="SearchBoxTemplate" autoFocus="false" letters="64">
				<Size>
					<AbsDimension x="106" y="32" />
				</Size>
				<Anchors>
					<Anchor point="TOPRIGHT" relativeTo="ClassTrainerPlusFrameFilterDropDown" relativePoint="TOPLEFT">
						<Offset>
							<AbsDimension x="10" y="0" />
						</Offset>
					</Anchor>
				</Anchors>
				<Scripts>
					<OnTextChanged function="ClassTrainerPlus_OnSearchTextChanged" />
				</Scripts>
			</EditBox>
			<Frame name="ClassTrainerPlusSkillHighlightFrame" hidden="true">
				<Size>
					<AbsDimension x="293" y="16"/>
				</Size>
				<Anchors>
					<Anchor point="TOPLEFT"/>
				</Anchors>
				<Layers>
					<Layer level="ARTWORK">
						<Texture name="ClassTrainerPlusSkillHighlight" file="Interface\Buttons\UI-Listbox-Highlight2"/>
					</Layer>
				</Layers>
			</Frame>
			<Button name="ClassTrainerPlusSkill1" inherits="ClassTrainerPlusSkillButtonTemplate">
				<Anchors>
					<Anchor point="TOPLEFT" relativeTo="ClassTrainerPlusFrame">
						<Offset>
							<AbsDimension x="22" y="-100"/>
						</Offset>
					</Anchor>
				</Anchors>
			</Button>
			<Button name="ClassTrainerPlusSkill2" inherits="ClassTrainerPlusSkillButtonTemplate">
				<Anchors>
					<Anchor point="TOPLEFT" relativeTo="ClassTrainerPlusSkill1" relativePoint="BOTTOMLEFT">
						<Offset>
							<AbsDimension x="0" y="0"/>
						</Offset>
					</Anchor>
				</Anchors>
			</Button>
			<Button name="ClassTrainerPlusSkill3" inherits="ClassTrainerPlusSkillButtonTemplate">
				<Anchors>
					<Anchor point="TOPLEFT" relativeTo="ClassTrainerPlusSkill2" relativePoint="BOTTOMLEFT">
						<Offset>
							<AbsDimension x="0" y="0"/>
						</Offset>
					</Anchor>
				</Anchors>
			</Button>
			<Button name="ClassTrainerPlusSkill4" inherits="ClassTrainerPlusSkillButtonTemplate">
				<Anchors>
					<Anchor point="TOPLEFT" relativeTo="ClassTrainerPlusSkill3" relativePoint="BOTTOMLEFT">
						<Offset>
							<AbsDimension x="0" y="0"/>
						</Offset>
					</Anchor>
				</Anchors>
			</Button>
			<Button name="ClassTrainerPlusSkill5" inherits="ClassTrainerPlusSkillButtonTemplate">
				<Anchors>
					<Anchor point="TOPLEFT" relativeTo="ClassTrainerPlusSkill4" relativePoint="BOTTOMLEFT">
						<Offset>
							<AbsDimension x="0" y="0"/>
						</Offset>
					</Anchor>
				</Anchors>
			</Button>
			<Button name="ClassTrainerPlusSkill6" inherits="ClassTrainerPlusSkillButtonTemplate">
				<Anchors>
					<Anchor point="TOPLEFT" relativeTo="ClassTrainerPlusSkill5" relativePoint="BOTTOMLEFT">
						<Offset>
							<AbsDimension x="0" y="0"/>
						</Offset>
					</Anchor>
				</Anchors>
			</Button>
			<Button name="ClassTrainerPlusSkill7" inherits="ClassTrainerPlusSkillButtonTemplate">
				<Anchors>
					<Anchor point="TOPLEFT" relativeTo="ClassTrainerPlusSkill6" relativePoint="BOTTOMLEFT">
						<Offset>
							<AbsDimension x="0" y="0"/>
						</Offset>
					</Anchor>
				</Anchors>
			</Button>
			<Button name="ClassTrainerPlusSkill8" inherits="ClassTrainerPlusSkillButtonTemplate">
				<Anchors>
					<Anchor point="TOPLEFT" relativeTo="ClassTrainerPlusSkill7" relativePoint="BOTTOMLEFT">
						<Offset>
							<AbsDimension x="0" y="0"/>
						</Offset>
					</Anchor>
				</Anchors>
			</Button>
			<Button name="ClassTrainerPlusSkill9" inherits="ClassTrainerPlusSkillButtonTemplate">
				<Anchors>
					<Anchor point="TOPLEFT" relativeTo="ClassTrainerPlusSkill8" relativePoint="BOTTOMLEFT">
						<Offset>
							<AbsDimension x="0" y="0"/>
						</Offset>
					</Anchor>
				</Anchors>
			</Button>
			<Button name="ClassTrainerPlusSkill10" inherits="ClassTrainerPlusSkillButtonTemplate">
				<Anchors>
					<Anchor point="TOPLEFT" relativeTo="ClassTrainerPlusSkill9" relativePoint="BOTTOMLEFT">
						<Offset>
							<AbsDimension x="0" y="0"/>
						</Offset>
					</Anchor>
				</Anchors>
			</Button>
			<Button name="ClassTrainerPlusSkill11" inherits="ClassTrainerPlusSkillButtonTemplate">
				<Anchors>
					<Anchor point="TOPLEFT" relativeTo="ClassTrainerPlusSkill10" relativePoint="BOTTOMLEFT">
						<Offset>
							<AbsDimension x="0" y="0"/>
						</Offset>
					</Anchor>
				</Anchors>
			</Button>
			<ScrollFrame name="ClassTrainerPlusListScrollFrame" inherits="ClassTrainerListScrollFrameTemplate">
				<Size>
					<AbsDimension x="296" y="184"/>
				</Size>
				<Anchors>
					<Anchor point="TOPRIGHT" relativeTo="ClassTrainerPlusFrame" relativePoint="TOPRIGHT">
						<Offset>
							<AbsDimension x="-67" y="-96"/>
						</Offset>
					</Anchor>
				</Anchors>
				<Scripts>
					<OnVerticalScroll>
						FauxScrollFrame_OnVerticalScroll(self, offset, CLASS_TRAINER_SKILL_HEIGHT, ClassTrainerPlusFrame_Update)
					</OnVerticalScroll>
					<OnScrollRangeChanged>
						-- HACK!!
						-- Derek, I put this in here to fix bug #38744
						-- may be the right solution, maybe not...
						-- This function was screwing everything up for some reason
						--ScrollFrame_OnScrollRangeChanged(arg2);
					</OnScrollRangeChanged>
				</Scripts>
			</ScrollFrame>
			<Frame name="ClassTrainerPlusMoneyFrame" inherits="SmallMoneyFrameTemplate">
				<Anchors>
					<Anchor point="BOTTOMRIGHT" relativeTo="ClassTrainerPlusFrame" relativePoint="BOTTOMLEFT">
						<Offset>
							<AbsDimension x="180" y="86"/>
						</Offset>
					</Anchor>
				</Anchors>
			</Frame>
			<ScrollFrame name="ClassTrainerPlusDetailScrollFrame" inherits="ClassTrainerDetailScrollFrameTemplate">
				<Size>
					<AbsDimension x="296" y="135"/>
				</Size>
				<Anchors>
					<Anchor point="TOPLEFT" relativeTo="ClassTrainerPlusListScrollFrame" relativePoint="BOTTOMLEFT">
						<Offset>
							<AbsDimension x="0" y="-8"/>
						</Offset>
					</Anchor>
				</Anchors>
				<ScrollChild>
					<Frame name="ClassTrainerPlusDetailScrollChildFrame">
						<Size>
							<AbsDimension x="296" y="50"/>
						</Size>
						<Layers>
							<Layer level="BACKGROUND">
								<FontString name="ClassTrainerPlusSkillName" inherits="GameFontNormal" justifyH="LEFT">
									<Size>
										<AbsDimension x="244" y="0"/>
									</Size>
									<Anchors>
										<Anchor point="TOPLEFT">
											<Offset>
												<AbsDimension x="46" y="-2"/>
											</Offset>
										</Anchor>
									</Anchors>
								</FontString>
								<FontString name="ClassTrainerPlusSubSkillName" inherits="GameFontNormal" justifyH="LEFT">
									<Size>
										<AbsDimension x="0" y="0"/>
									</Size>
									<Anchors>
										<Anchor point="LEFT" relativeTo="ClassTrainerPlusSkillName" relativePoint="RIGHT">
											<Offset>
												<AbsDimension x="5" y="0"/>
											</Offset>
										</Anchor>
									</Anchors>
								</FontString>
								<FontString name="ClassTrainerPlusSkillRequirements" inherits="GameFontHighlightSmall" justifyH="LEFT">
									<Size>
										<AbsDimension x="244" y="0"/>
									</Size>
									<Anchors>
										<Anchor point="TOPLEFT" relativeTo="ClassTrainerPlusSkillName" relativePoint="BOTTOMLEFT">
											<Offset>
												<AbsDimension x="0" y="0"/>
											</Offset>
										</Anchor>
									</Anchors>
								</FontString>
								<FontString name="ClassTrainerPlusCostLabel" inherits="GameFontNormalSmall" justifyH="LEFT" text="COSTS_LABEL">
									<Anchors>
										<Anchor point="TOPLEFT">
											<Offset>
												<AbsDimension x="5" y="-50"/>
											</Offset>
										</Anchor>
									</Anchors>
								</FontString>
								<FontString name="ClassTrainerPlusSkillDescription" inherits="GameFontHighlightSmall" justifyH="LEFT">
									<Size>
										<AbsDimension x="290" y="0"/>
									</Size>
									<Anchors>
										<Anchor point="TOPLEFT" relativeTo="ClassTrainerPlusCostLabel" relativePoint="BOTTOMLEFT">
											<Offset>
												<AbsDimension x="0" y="-10"/>
											</Offset>
										</Anchor>
									</Anchors>
								</FontString>
							</Layer>
						</Layers>
						<Frames>
							<Button name="ClassTrainerPlusSkillIcon">
								<Size>
									<AbsDimension x="37" y="37"/>
								</Size>
								<Anchors>
									<Anchor point="TOPLEFT">
										<Offset>
											<AbsDimension x="5" y="-4"/>
										</Offset>
									</Anchor>
								</Anchors>
								<Layers>
									<Layer level="BACKGROUND">
										<Texture file="Interface\Buttons\UI-EmptySlot">
											<Size>
												<AbsDimension x="64" y="64"/>
											</Size>
											<Anchors>
												<Anchor point="TOPLEFT">
													<Offset>
														<AbsDimension x="-13" y="13"/>
													</Offset>
												</Anchor>
											</Anchors>
										</Texture>
									</Layer>
								</Layers>
								<Scripts>
									<OnEnter>
										GameTooltip:SetOwner(self, "ANCHOR_RIGHT");
										GameTooltip:SetTrainerService(ClassTrainerPlusFrame.selectedService);
										GameTooltip:Show();
									</OnEnter>
									<OnLeave>
										GameTooltip:Hide();
									</OnLeave>
								</Scripts>
							</Button>
							<Frame name="ClassTrainerPlusDetailMoneyFrame" inherits="SmallMoneyFrameTemplate">
								<Anchors>
									<Anchor point="LEFT" relativeTo="ClassTrainerPlusCostLabel" relativePoint="RIGHT">
										<Offset>
											<AbsDimension x="5" y="0"/>
										</Offset>
									</Anchor>
								</Anchors>
								<Scripts>
									<OnLoad>
										SmallMoneyFrame_OnLoad(self);
										MoneyFrame_SetType(self, "STATIC");
										MoneyFrame_SetMaxDisplayWidth(self, 100);
									</OnLoad>
								</Scripts>
							</Frame>
						</Frames>
					</Frame>
				</ScrollChild>
			</ScrollFrame>
			<Button name="ClassTrainerPlusTrainButton" inherits="UIPanelButtonTemplate" text="TRAIN">
				<Size>
					<AbsDimension x="80" y="22"/>
				</Size>
				<Anchors>
					<Anchor point="CENTER" relativeTo="ClassTrainerPlusFrame" relativePoint="TOPLEFT">
						<Offset>
							<AbsDimension x="224" y="-420"/>
						</Offset>
					</Anchor>
				</Anchors>
				<Scripts>
					<OnClick>
						ClassTrainerPlusTrainButton_OnClick();
					</OnClick>
				</Scripts>
			</Button>
			<Button name="ClassTrainerPlusCancelButton" inherits="UIPanelButtonTemplate" text="EXIT">
				<Size>
					<AbsDimension x="80" y="22"/>
				</Size>
				<Anchors>
					<Anchor point="CENTER" relativeTo="ClassTrainerPlusFrame" relativePoint="TOPLEFT">
						<Offset>
							<AbsDimension x="305" y="-420"/>
						</Offset>
					</Anchor>
				</Anchors>
				<Scripts>
					<OnClick>
						self:GetParent():Hide()
					</OnClick>
				</Scripts>
			</Button>
			<Button name="ClassTrainerPlusFrameCloseButton" inherits="UIPanelCloseButton">
				<Anchors>
					<Anchor point="TOPRIGHT" relativeTo="ClassTrainerPlusFrame" relativePoint="TOPRIGHT">
						<Offset>
							<AbsDimension x="-29" y="-8"/>
						</Offset>
					</Anchor>
				</Anchors>
			</Button>
		</Frames>
		<Scripts>
			<OnLoad>
				ClassTrainerPlusFrame_OnLoad(self);
				tinsert(UISpecialFrames, self:GetName());
			</OnLoad>
			<OnShow>
				PlaySound(SOUNDKIT.IG_CHARACTER_INFO_OPEN);
				SetTrainerServiceTypeFilter("available", TRAINER_FILTER_AVAILABLE);
				SetTrainerServiceTypeFilter("unavailable", TRAINER_FILTER_UNAVAILABLE);
				SetTrainerServiceTypeFilter("used", TRAINER_FILTER_USED);
			</OnShow>
			<OnHide>
				CloseTrainer();
				UpdateMicroButtons();
				PlaySound(SOUNDKIT.IG_CHARACTER_INFO_CLOSE);
				if ( StaticPopup_Visible("CONFIRM_PROFESSION") ) then
					StaticPopup_Hide("CONFIRM_PROFESSION");
				end
			</OnHide>
			<OnEvent function="ClassTrainerPlusFrame_OnEvent"/>
			<OnMouseWheel>
				return;			
			</OnMouseWheel>
		</Scripts>
	</Frame>
</Ui>
